CATEGORY,QUESTION,ANSWERS
Product Details,What are the dimensions of this product?,"['10cm x 15cm x 5cm', '30cm x 20cm x 10cm', '25cm x 15cm x 8cm', '50cm x 40cm x 30cm', '12cm x 8cm x 6cm']"
Product Details,What material is this product made of?,"['Wood', 'Plastic', 'Metal', 'Cotton', 'Silicon']"
Product Details,What is the weight of this product?,"['2kg', '500g', '1.5kg', '300g', '800g']"
Product Details,Is this product waterproof?,"['Yes', 'No', 'Partially', 'It depends on the model', 'Only the outer layer']"
Product Details,What is the warranty period for this product?,"['1 year', '2 years', '6 months', '3 years', 'Lifetime']"
Product Details,What colors are available for this product?,"['Black', 'White', 'Blue', 'Red', 'Green']"
Product Details,Does this product come with a charger?,"['Yes', 'No', 'Depends on the model', 'Only for certain regions', 'Optional']"
Product Details,How many pieces are included in this set?,"['5 pieces', '10 pieces', '20 pieces', '30 pieces', '50 pieces']"
Product Details,Is this product suitable for outdoor use?,"['Yes', 'No', 'Partially', 'It depends on the model', 'Only in certain conditions']"
Product Details,What is the maximum temperature this product can withstand?,"['100°C', '200°C', '300°C', '400°C', '500°C']"
Product Details,What is the battery life of this product?,"['10 hours', '20 hours', '30 hours', '40 hours', '50 hours']"
Product Details,Is this product compatible with other brands?,"['Yes', 'No', 'Partially', 'It depends on the model', 'Only with certain models']"
Product Details,What is the maximum load capacity of this product?,"['100kg', '200kg', '300kg', '400kg', '500kg']"
Product Details,Does this product require assembly?,"['Yes', 'No', 'Partially', 'It depends on the model', 'Only certain parts']"
Product Details,What is the power consumption of this product?,"['100W', '200W', '300W', '400W', '500W']"
Product Details,Is this product dishwasher safe?,"['Yes', 'No', 'Partially', 'It depends on the model', 'Only certain parts']"
Product Details,What is the maximum speed of this product?,"['10km/h', '20km/h', '30km/h', '40km/h', '50km/h']"
Product Details,Is this product environmentally friendly?,"['Yes', 'No', 'Partially', 'It depends on the model', 'Only certain parts']"
Product Details,What is the voltage requirement for this product?,"['110V', '220V', '12V', '24V', '48V']"
Product Details,Is this product suitable for children?,"['Yes', 'No', 'Partially', 'It depends on the model', 'Only certain parts']"
Product Details,What is the resolution of this product?,"['720p', '1080p', '4K', '8K', '1440p']"
Product Details,Is this product compatible with Bluetooth?,"['Yes', 'No', 'Partially', 'It depends on the model', 'Only certain parts']"
Product Details,What is the operating temperature range for this product?,"['-10°C to 40°C', '0°C to 30°C', '10°C to 50°C', '20°C to 60°C', '30°C to 70°C']"
Product Details,Is this product portable?,"['Yes', 'No', 'Partially', 'It depends on the model', 'Only certain parts']"
Product Details,What is the maximum capacity of this product?,"['1L', '2L', '3L', '4L', '5L']"
Product Details,Is this product water-resistant?,"['Yes', 'No', 'Partially', 'It depends on the model', 'Only certain parts']"
Product Details,What is the maximum height of this product?,"['1m', '2m', '3m', '4m', '5m']"
Product Details,Is this product scratch-resistant?,"['Yes', 'No', 'Partially', 'It depends on the model', 'Only certain parts']"
Product Details,What is the maximum volume of this product?,"['100dB', '150dB', '200dB', '250dB', '300dB']"
Product Details,Is this product shockproof?,"['Yes', 'No', 'Partially', 'It depends on the model', 'Only certain parts']"
Product Details,What is the maximum depth of this product?,"['1m', '2m', '3m', '4m', '5m']"
Product Details,Is this product suitable for pets?,"['Yes', 'No', 'Partially', 'It depends on the model', 'Only certain parts']"
Shipping Status,What is the status of my order?,"['Your order is being processed.', 'Your order has been shipped.', 'Your order is out for delivery.', 'Your order has been delivered.', 'Your order is on hold.']"
Shipping Status,When will my order be shipped?,"['Your order will be shipped within 24 hours.', 'Your order will be shipped within 2-3 business days.', 'Your order will be shipped within 1 week.', 'Your order will be shipped immediately.', 'Your order is delayed and will be shipped as soon as possible.']"
Shipping Status,How can I track my order?,"['You can track your order through our website using your order number.', 'You can track your order using the tracking link provided in your email.', ""You can track your order through the carrier's website."", 'You can track your order by contacting our customer service.', 'You can track your order by logging into your account.']"
Shipping Status,Why is my order delayed?,"['There was an issue with the shipping carrier.', 'Your order is being processed during a high-demand period.', 'There was a problem with the inventory.', 'There was a delay in the order processing.', 'Your order is being held due to payment issues.']"
Shipping Status,Can I change the shipping address?,"['Yes, you can change the shipping address before the order is shipped.', 'No, the shipping address cannot be changed after the order is confirmed.', 'You can contact customer service to change the shipping address.', 'You can change the shipping address by logging into your account.', 'You can change the shipping address by using the tracking link.']"
Shipping Status,What happens if my order is lost?,"['We will investigate and reship your order if necessary.', 'You will be refunded for the lost order.', 'We will contact the shipping carrier to locate your order.', 'You can file a claim with the shipping carrier.', 'We will send a replacement order.']"
Shipping Status,How long does shipping take?,"['Shipping usually takes 3-5 business days.', 'Shipping takes 1-2 weeks.', 'Shipping takes 1-2 business days.', 'Shipping takes 1-3 business days.', 'Shipping times vary based on your location.']"
Shipping Status,Can I expedite my shipping?,"['Yes, you can choose expedited shipping at checkout.', 'No, expedited shipping is not available for your order.', 'You can contact customer service to expedite your shipping.', 'Expedited shipping is available for an additional fee.', 'You can select expedited shipping by logging into your account.']"
Shipping Status,What if I am not at home when my order is delivered?,"['The shipping carrier will leave a delivery notice.', 'The shipping carrier will attempt delivery again the next day.', 'The shipping carrier will leave the package at a safe location.', 'The shipping carrier will hold the package at a local facility.', 'You can provide delivery instructions at checkout.']"
Shipping Status,Can I pick up my order?,"['Yes, you can pick up your order at our store.', 'No, pickup is not available for your order.', 'You can pick up your order at a designated location.', 'You can arrange for pickup by contacting customer service.', 'Pickup is available during store hours.']"
Shipping Status,What is the shipping cost?,"['Shipping is free for orders over $50.', 'Shipping costs $10 for standard delivery.', 'Shipping costs $20 for expedited delivery.', 'Shipping costs vary based on your location.', 'You can see the shipping cost at checkout.']"
Shipping Status,What if my order is damaged during shipping?,"['You can request a replacement or refund.', 'You can contact customer service for assistance.', 'You can file a claim with the shipping carrier.', 'You can return the damaged item for a replacement.', 'We will investigate and reship your order if necessary.']"
Shipping Status,Can I return my order if it's shipped?,"['Yes, you can return your order within 30 days of delivery.', 'No, returns are not accepted once the order is shipped.', 'You can return your order by contacting customer service.', 'Returns are accepted with a restocking fee.', 'You can return your order by logging into your account.']"
Shipping Status,How do I know if my order has shipped?,"['You will receive an email confirmation when your order ships.', 'You can check the shipping status on our website.', 'You can track your order using the tracking link.', 'You can contact customer service for the shipping status.', 'You can log into your account to see the shipping status.']"
Shipping Status,What if my order is shipped to the wrong address?,"['We will investigate and reship your order if necessary.', 'You can contact customer service for assistance.', 'You can file a claim with the shipping carrier.', 'We will send a replacement order.', 'You can request a refund for the incorrectly shipped order.']"
Shipping Status,Can I cancel my order after it has shipped?,"['No, you cannot cancel your order after it has shipped.', 'Yes, you can cancel your order within 24 hours of shipping.', 'You can contact customer service to cancel your order.', 'Cancellations are not accepted once the order is in transit.', 'You can cancel your order by logging into your account.']"
Shipping Status,What if my order is marked as delivered but I haven't received it?,"['You can contact customer service for assistance.', 'You can file a claim with the shipping carrier.', 'We will investigate and reship your order if necessary.', 'You can check with neighbors or your local post office.', 'We will send a replacement order.']"
Shipping Status,How do I provide delivery instructions?,"['You can provide delivery instructions at checkout.', 'You can contact customer service to provide delivery instructions.', 'You can log into your account to provide delivery instructions.', 'You can provide delivery instructions through the tracking link.', 'Delivery instructions can be provided by emailing our support team.']"
Shipping Status,What if my order is shipped to a different country?,"['We will investigate and reship your order if necessary.', 'You can contact customer service for assistance.', 'You can file a claim with the shipping carrier.', 'We will send a replacement order.', 'You can request a refund for the incorrectly shipped order.']"
Shipping Status,Can I change the shipping method after placing my order?,"['No, the shipping method cannot be changed after the order is confirmed.', 'Yes, you can change the shipping method before the order is shipped.', 'You can contact customer service to change the shipping method.', 'The shipping method can be changed by logging into your account.', 'You can change the shipping method by using the tracking link.']"
Shipping Status,What if my order is shipped but not delivered?,"['You can contact customer service for assistance.', 'You can file a claim with the shipping carrier.', 'We will investigate and reship your order if necessary.', 'You can check with neighbors or your local post office.', 'We will send a replacement order.']"
Shipping Status,How do I know if my order is out for delivery?,"['You will receive a notification when your order is out for delivery.', 'You can check the shipping status on our website.', 'You can track your order using the tracking link.', 'You can contact customer service for the shipping status.', 'You can log into your account to see the shipping status.']"
Shipping Status,What if my order is shipped but I want to cancel it?,"['No, you cannot cancel your order after it has shipped.', 'Yes, you can cancel your order within 24 hours of shipping.', 'You can contact customer service to cancel your order.', 'Cancellations are not accepted once the order is in transit.', 'You can cancel your order by logging into your account.']"
Shipping Status,What if my order is shipped but I am not home?,"['The shipping carrier will leave a delivery notice.', 'The shipping carrier will attempt delivery again the next day.', 'The shipping carrier will leave the package at a safe location.', 'The shipping carrier will hold the package at a local facility.', 'You can provide delivery instructions at checkout.']"
Shipping Status,Can I change the shipping address after my order has shipped?,"['No, the shipping address cannot be changed after the order is shipped.', 'Yes, you can change the shipping address within 24 hours of shipping.', 'You can contact customer service to change the shipping address.', 'The shipping address can be changed by logging into your account.', 'You can change the shipping address by using the tracking link.']"
Shipping Status,What if my order is shipped but I want to return it?,"['Yes, you can return your order within 30 days of delivery.', 'No, returns are not accepted once the order is shipped.', 'You can return your order by contacting customer service.', 'Returns are accepted with a restocking fee.', 'You can return your order by logging into your account.']"
Shipping Status,How do I know if my order is ready for pickup?,"['You will receive a notification when your order is ready for pickup.', 'You can check the pickup status on our website.', 'You can contact customer service for the pickup status.', 'You can log into your account to see the pickup status.', 'You can use the tracking link to see the pickup status.']"
Product Complaints,How can I report a defective product?,"['You can report a defective product through our customer service hotline.', 'Go to our website and fill out the complaint form.', 'Email us at support@example.com with details of the defect.', 'Visit our store and speak to a customer service representative.', 'Use our live chat feature on the website.']"
Product Complaints,What should I do if my product is damaged upon arrival?,"['Contact our customer service immediately.', 'Take pictures of the damaged product and email them to us.', 'Return the product to our store for inspection.', 'Fill out the return form on our website.', 'Call our helpline for further instructions.']"
Product Complaints,How do I return a faulty item?,"['Use the return label provided with your order.', 'Contact our customer service for return instructions.', 'Visit our store and ask for a return.', 'Log in to your account and initiate a return request.', 'Email us at returns@example.com with your order details.']"
Product Complaints,What if the product I received is not as described?,"['Contact our customer service with your complaint.', 'Provide pictures and a description of the issue.', 'Return the product for a refund or replacement.', 'Fill out the complaint form on our website.', 'Visit our store to discuss the issue with a representative.']"
Product Complaints,How can I get a refund for a defective product?,"['Contact our customer service to initiate a refund.', 'Return the defective product to our store.', 'Fill out the refund request form on our website.', 'Email us at refunds@example.com with your order details.', 'Provide proof of purchase and a description of the defect.']"
Product Complaints,What should I do if I receive the wrong item?,"['Contact our customer service immediately.', 'Return the incorrect item to our store.', 'Fill out the return form on our website.', 'Email us at support@example.com with your order details.', 'Provide pictures and a description of the incorrect item.']"
Product Complaints,How do I complaint about a missing part in my product?,"['Contact our customer service with your complaint.', 'Provide pictures and a description of the missing part.', 'Return the product for a replacement.', 'Fill out the complaint form on our website.', 'Visit our store to discuss the issue with a representative.']"
Product Complaints,What if my product stops working after a few uses?,"['Contact our customer service for assistance.', 'Provide proof of purchase and a description of the issue.', 'Return the product for repair or replacement.', 'Fill out the warranty claim form on our website.', 'Visit our store for further assistance.']"
Product Complaints,How can I file a complaint about poor product quality?,"['Contact our customer service with your complaint.', 'Provide pictures and a description of the poor quality.', 'Return the product for a refund or replacement.', 'Fill out the complaint form on our website.', 'Email us at quality@example.com with your concerns.']"
Product Complaints,What should I do if my product is missing accessories?,"['Contact our customer service immediately.', 'Provide a list of the missing accessories.', 'Return the product for a replacement.', 'Fill out the complaint form on our website.', 'Visit our store to discuss the issue with a representative.']"
Product Complaints,How do I report a product that arrived late?,"['Contact our customer service with your complaint.', 'Provide your order details and the expected delivery date.', 'Fill out the complaint form on our website.', 'Email us at support@example.com with your concerns.', 'Visit our store for further assistance.']"
Product Complaints,What if my product is not functioning as expected?,"['Contact our customer service for assistance.', 'Provide a description of the issue.', 'Return the product for repair or replacement.', 'Fill out the warranty claim form on our website.', 'Visit our store for further assistance.']"
Product Complaints,How can I complain about a product that is difficult to use?,"['Contact our customer service with your complaint.', 'Provide a description of the difficulty.', 'Request a user manual or tutorial.', 'Fill out the complaint form on our website.', 'Visit our store for further assistance.']"
Product Complaints,What should I do if my product has a manufacturing defect?,"['Contact our customer service immediately.', 'Provide pictures and a description of the defect.', 'Return the product for a replacement.', 'Fill out the complaint form on our website.', 'Visit our store to discuss the issue with a representative.']"
Product Complaints,How do I report a product that does not match the description online?,"['Contact our customer service with your complaint.', 'Provide pictures and a description of the issue.', 'Return the product for a refund or replacement.', 'Fill out the complaint form on our website.', 'Email us at support@example.com with your concerns.']"
Product Complaints,What if my product is damaged during transit?,"['Contact our customer service immediately.', 'Take pictures of the damaged product and packaging.', 'Return the product for a replacement.', 'Fill out the complaint form on our website.', 'Email us at support@example.com with your concerns.']"
Product Complaints,How can I report a product that is not compatible with other devices?,"['Contact our customer service with your complaint.', 'Provide a description of the compatibility issue.', 'Return the product for a refund or replacement.', 'Fill out the complaint form on our website.', 'Visit our store for further assistance.']"
Product Complaints,What should I do if my product is missing important instructions?,"['Contact our customer service immediately.', 'Provide a description of the missing instructions.', 'Request a copy of the instructions.', 'Fill out the complaint form on our website.', 'Visit our store to discuss the issue with a representative.']"
Product Complaints,How do I complain about a product that arrived with missing parts?,"['Contact our customer service with your complaint.', 'Provide a list of the missing parts.', 'Return the product for a replacement.', 'Fill out the complaint form on our website.', 'Email us at support@example.com with your concerns.']"
Product Complaints,What if my product is not performing as advertised?,"['Contact our customer service for assistance.', 'Provide a description of the issue.', 'Return the product for repair or replacement.', 'Fill out the warranty claim form on our website.', 'Visit our store for further assistance.']"
Product Complaints,How can I file a complaint about a product that is not durable?,"['Contact our customer service with your complaint.', 'Provide pictures and a description of the issue.', 'Return the product for a refund or replacement.', 'Fill out the complaint form on our website.', 'Email us at quality@example.com with your concerns.']"
Product Complaints,What should I do if my product is missing a warranty card?,"['Contact our customer service immediately.', 'Provide your order details.', 'Request a copy of the warranty card.', 'Fill out the complaint form on our website.', 'Visit our store to discuss the issue with a representative.']"
Product Complaints,How do I report a product that arrived with visible defects?,"['Contact our customer service immediately.', 'Take pictures of the defects.', 'Return the product for a replacement.', 'Fill out the complaint form on our website.', 'Email us at support@example.com with your concerns.']"
Product Complaints,What if my product is not as shown in the pictures?,"['Contact our customer service with your complaint.', 'Provide pictures and a description of the issue.', 'Return the product for a refund or replacement.', 'Fill out the complaint form on our website.', 'Visit our store for further assistance.']"
Product Complaints,How can I complain about a product that is not user-friendly?,"['Contact our customer service with your complaint.', 'Provide a description of the usability issues.', 'Request a user manual or tutorial.', 'Fill out the complaint form on our website.', 'Visit our store for further assistance.']"
Product Complaints,What should I do if my product is missing important safety features?,"['Contact our customer service immediately.', 'Provide a description of the missing safety features.', 'Return the product for a replacement.', 'Fill out the complaint form on our website.', 'Visit our store to discuss the issue with a representative.']"
Product Complaints,How do I report a product that is not safe to use?,"['Contact our customer service immediately.', 'Provide a description of the safety issues.', 'Return the product for a refund or replacement.', 'Fill out the complaint form on our website.', 'Email us at safety@example.com with your concerns.']"
Product Complaints,What if my product is not compatible with other products in my order?,"['Contact our customer service with your complaint.', 'Provide a description of the compatibility issue.', 'Return the product for a refund or replacement.', 'Fill out the complaint form on our website.', 'Visit our store for further assistance.']"
Product Complaints,How can I complain about a product that is not as described in the manual?,"['Contact our customer service with your complaint.', 'Provide pictures and a description of the issue.', 'Return the product for a refund or replacement.', 'Fill out the complaint form on our website.', 'Email us at support@example.com with your concerns.']"
Product Complaints,What should I do if my product is missing important components?,"['Contact our customer service immediately.', 'Provide a list of the missing components.', 'Return the product for a replacement.', 'Fill out the complaint form on our website.', 'Visit our store to discuss the issue with a representative.']"
Product Complaints,How do I report a product that arrived with cosmetic defects?,"['Contact our customer service immediately.', 'Take pictures of the cosmetic defects.', 'Return the product for a replacement.', 'Fill out the complaint form on our website.', 'Email us at support@example.com with your concerns.']"
Product Complaints,What if my product is not functioning properly after a few days of use?,"['Contact our customer service for assistance.', 'Provide a description of the issue.', 'Return the product for repair or replacement.', 'Fill out the warranty claim form on our website.', 'Visit our store for further assistance.']"
Payment Status,What is the current status of my payment?,"['Payment Pending', 'Payment Processed', 'Payment Failed', 'Payment Completed', 'Payment Refunded']"
Payment Status,Has my payment been received?,"['Yes, your payment has been received.', 'No, your payment is still pending.', 'Payment is in process.', 'Payment failed to process.', 'Payment has been refunded.']"
Payment Status,Why is my payment still pending?,"['Your payment is being verified.', 'There was a delay in processing.', 'Payment is under review.', 'Payment method needs confirmation.', 'We are awaiting confirmation from the bank.']"
Payment Status,How can I check my payment status?,"['Visit your account dashboard.', 'Check your order history.', 'Contact customer support.', 'Check your email for updates.', 'Use the payment tracking feature.']"
Payment Status,What does 'Payment Failed' mean?,"['Your payment method was declined.', 'There was an error processing the payment.', 'Insufficient funds.', 'Incorrect payment details provided.', 'Payment gateway issue.']"
Payment Status,How long does it take to process my payment?,"['Usually processed instantly.', 'May take up to 24 hours.', 'Bank transfers may take 2-3 business days.', 'International payments may take longer.', 'Depends on the payment method.']"
Payment Status,Can I cancel a pending payment?,"['Yes, you can cancel it from your account.', 'No, once initiated it cannot be canceled.', 'Contact customer support to cancel.', 'Depends on the payment method.', 'Cancellation may incur fees.']"
Payment Status,What should I do if my payment fails?,"['Check your payment details.', 'Ensure sufficient funds.', 'Try a different payment method.', 'Contact your bank.', 'Contact customer support.']"
Payment Status,How will I know if my payment is successful?,"['You will receive a confirmation email.', 'Status will be updated in your account.', 'A transaction ID will be provided.', 'You will see a success message on the website.', 'Check your bank statement.']"
Payment Status,What does 'Payment Refunded' mean?,"['Your payment has been returned to your account.', 'The transaction was reversed.', 'Funds have been credited back to your payment method.', 'Refund may take 3-5 business days to reflect.', 'You will receive a refund confirmation email.']"
Payment Status,How can I get a refund for my payment?,"['Contact customer support.', 'Initiate a refund request from your account.', 'Provide the reason for the refund.', 'Refunds are processed within 3-5 business days.', 'Refund policies may apply.']"
Payment Status,Why is my payment still in process?,"['Your payment is being verified.', 'There was a delay in processing.', 'Payment is under review.', 'Payment method needs confirmation.', 'We are awaiting confirmation from the bank.']"
Payment Status,Can I track my payment status online?,"['Yes, via your account dashboard.', 'Check your order history.', 'Use the payment tracking feature.', 'Contact customer support.', 'Check your email for updates.']"
Payment Status,What happens if my payment is declined?,"['You will need to try again.', 'Check your payment details.', 'Ensure sufficient funds.', 'Try a different payment method.', 'Contact your bank.']"
Payment Status,How can I confirm my payment has been received?,"['Check your account dashboard.', 'Look for a confirmation email.', 'Verify the transaction ID.', 'Check your bank statement.', 'Contact customer support.']"
Payment Status,What should I do if my payment is under review?,"['Wait for the review to complete.', 'Check your payment details.', 'Ensure sufficient funds.', 'Contact customer support if needed.', 'Be patient as reviews may take time.']"
Payment Status,Can I change my payment method after initiating a payment?,"['No, once initiated it cannot be changed.', 'Yes, you can cancel and reinitiate with a different method.', 'Contact customer support for assistance.', 'Depends on the payment method.', 'Cancellation may incur fees.']"
Payment Status,What does 'Payment Completed' mean?,"['Your payment has been successfully received.', 'The transaction is finalized.', 'Funds have been deducted from your account.', 'You will receive a confirmation email.', 'Status will be updated in your account.']"
Payment Status,How do I know if my payment is still pending?,"['Check your account dashboard.', 'Look for a pending status in your order history.', 'You will receive an update via email.', 'Contact customer support.', 'Check the payment tracking feature.']"
Payment Status,What happens if my payment is delayed?,"['Your order may be delayed.', 'You will be notified via email.', 'Payment may fail if not processed in time.', 'Contact customer support for assistance.', 'Check your payment details.']"
Payment Status,Can I expedite my payment process?,"['No, payments are processed as soon as possible.', 'Contact customer support for assistance.', 'Ensure all payment details are correct.', 'Use a faster payment method.', 'Be patient as processing times may vary.']"
Payment Status,What should I do if I suspect fraudulent activity with my payment?,"['Contact customer support immediately.', 'Report the activity to your bank.', 'Change your payment method.', 'Check your account for unauthorized transactions.', 'File a complaint with the relevant authorities.']"
Payment Status,How can I ensure my payment is secure?,"['Use secure payment methods.', 'Ensure the website is secure (HTTPS).', 'Keep your payment details confidential.', 'Use strong passwords and 2FA.', 'Regularly check your account for unauthorized transactions.']"
Payment Status,What happens if I cancel a completed payment?,"['You will need to request a refund.', 'Contact customer support.', 'Refund policies may apply.', 'Refunds are processed within 3-5 business days.', 'You may incur cancellation fees.']"
Payment Status,Can I dispute a payment that has been completed?,"['Yes, contact customer support.', 'Provide details of the dispute.', 'Refund policies may apply.', 'Disputes are reviewed on a case-by-case basis.', 'You may need to provide evidence.']"
Payment Status,How can I verify my payment method?,"['Ensure all details are correct.', 'Use a verified payment method.', 'Contact your bank for verification.', 'Check your account for any anomalies.', 'Contact customer support for assistance.']"
Payment Status,What should I do if I do not receive a payment confirmation?,"['Check your email spam folder.', 'Contact customer support.', 'Verify the payment status in your account.', 'Check your bank statement.', 'Wait for a few hours as emails may be delayed.']"
Payment Status,How can I update my payment method after a failed payment?,"['Log in to your account.', 'Update your payment details.', 'Try the payment again.', 'Contact customer support for assistance.', 'Ensure all details are correct.']"
Payment Status,What does it mean if my payment is 'In Review'?,"['Your payment is being verified.', 'There may be a delay in processing.', 'Payment is under review.', 'Payment method needs confirmation.', 'We are awaiting confirmation from the bank.']"
Stock Availability,Is the product in stock?,"['Yes, the product is in stock.', 'No, the product is out of stock.', 'The product will be available soon.', 'The product is on backorder.', 'Check the website for current stock status.']"
Stock Availability,When will the product be back in stock?,"['The product will be back in stock next week.', 'We expect the product to be available in 2-3 weeks.', 'The product is currently on backorder.', 'We do not have an estimated date for restocking.', 'Check our website for updates.']"
Stock Availability,How many units of the product are available?,"['We have 10 units available.', 'We have limited stock available.', 'The product is out of stock.', 'Please contact customer service for stock details.', 'Check the website for current availability.']"
Stock Availability,Is the item available for immediate shipment?,"['Yes, the item is available for immediate shipment.', 'No, the item is not available for immediate shipment.', 'The item will ship within 24 hours.', 'The item is on backorder.', 'Check the website for shipping details.']"
Stock Availability,Can I pre-order the product?,"['Yes, you can pre-order the product.', 'No, pre-orders are not available.', 'Pre-orders will be available soon.', 'Check the website for pre-order options.', 'Contact customer service for pre-order details.']"
Stock Availability,Is the product available in all sizes?,"['Yes, the product is available in all sizes.', 'No, some sizes are out of stock.', 'The product is available in limited sizes.', 'Check the website for size availability.', 'Contact customer service for size details.']"
Stock Availability,Is the product available in-store?,"['Yes, the product is available in-store.', 'No, the product is not available in-store.', 'The product is available at select locations.', 'Check the website for in-store availability.', 'Contact the store for stock details.']"
Stock Availability,Can I reserve the product?,"['Yes, you can reserve the product.', 'No, reservations are not available.', 'Reservations are available for in-store pickup.', 'Check the website for reservation options.', 'Contact customer service for reservation details.']"
Stock Availability,Is the product available for pickup?,"['Yes, the product is available for pickup.', 'No, the product is not available for pickup.', 'The product is available for pickup at select locations.', 'Check the website for pickup options.', 'Contact the store for pickup details.']"
Stock Availability,Is the product available internationally?,"['Yes, the product is available internationally.', 'No, the product is not available internationally.', 'The product is available in select countries.', 'Check the website for international availability.', 'Contact customer service for international shipping details.']"
Stock Availability,Is the product available in bulk?,"['Yes, the product is available in bulk.', 'No, the product is not available in bulk.', 'Bulk orders are available with special pricing.', 'Check the website for bulk order options.', 'Contact customer service for bulk order details.']"
Stock Availability,Is the product available in other colors?,"['Yes, the product is available in other colors.', 'No, the product is not available in other colors.', 'The product is available in limited colors.', 'Check the website for color availability.', 'Contact customer service for color details.']"
Stock Availability,Is the product available for special orders?,"['Yes, the product is available for special orders.', 'No, special orders are not available.', 'Special orders may take longer to process.', 'Check the website for special order options.', 'Contact customer service for special order details.']"
Stock Availability,Is the product available in different styles?,"['Yes, the product is available in different styles.', 'No, the product is not available in different styles.', 'The product is available in limited styles.', 'Check the website for style availability.', 'Contact customer service for style details.']"
Stock Availability,Is the product available for same-day delivery?,"['Yes, the product is available for same-day delivery.', 'No, the product is not available for same-day delivery.', 'Same-day delivery is available in select areas.', 'Check the website for same-day delivery options.', 'Contact customer service for same-day delivery details.']"
Stock Availability,Is the product available for home delivery?,"['Yes, the product is available for home delivery.', 'No, the product is not available for home delivery.', 'Home delivery is available in select areas.', 'Check the website for home delivery options.', 'Contact customer service for home delivery details.']"
Stock Availability,Is the product available for express shipping?,"['Yes, the product is available for express shipping.', 'No, the product is not available for express shipping.', 'Express shipping is available at an additional cost.', 'Check the website for express shipping options.', 'Contact customer service for express shipping details.']"
Stock Availability,Is the product available for local delivery?,"['Yes, the product is available for local delivery.', 'No, the product is not available for local delivery.', 'Local delivery is available in select areas.', 'Check the website for local delivery options.', 'Contact customer service for local delivery details.']"
Stock Availability,Is the product available for international shipping?,"['Yes, the product is available for international shipping.', 'No, the product is not available for international shipping.', 'International shipping is available to select countries.', 'Check the website for international shipping options.', 'Contact customer service for international shipping details.']"
Stock Availability,Is the product available for next-day delivery?,"['Yes, the product is available for next-day delivery.', 'No, the product is not available for next-day delivery.', 'Next-day delivery is available in select areas.', 'Check the website for next-day delivery options.', 'Contact customer service for next-day delivery details.']"
Stock Availability,Is the product available for overnight shipping?,"['Yes, the product is available for overnight shipping.', 'No, the product is not available for overnight shipping.', 'Overnight shipping is available at an additional cost.', 'Check the website for overnight shipping options.', 'Contact customer service for overnight shipping details.']"
Stock Availability,Is the product available for weekend delivery?,"['Yes, the product is available for weekend delivery.', 'No, the product is not available for weekend delivery.', 'Weekend delivery is available in select areas.', 'Check the website for weekend delivery options.', 'Contact customer service for weekend delivery details.']"
Stock Availability,Is the product available for in-store pickup?,"['Yes, the product is available for in-store pickup.', 'No, the product is not available for in-store pickup.', 'In-store pickup is available at select locations.', 'Check the website for in-store pickup options.', 'Contact the store for in-store pickup details.']"
Stock Availability,Is the product available for curbside pickup?,"['Yes, the product is available for curbside pickup.', 'No, the product is not available for curbside pickup.', 'Curbside pickup is available at select locations.', 'Check the website for curbside pickup options.', 'Contact the store for curbside pickup details.']"
Stock Availability,Is the product available for scheduled delivery?,"['Yes, the product is available for scheduled delivery.', 'No, the product is not available for scheduled delivery.', 'Scheduled delivery is available in select areas.', 'Check the website for scheduled delivery options.', 'Contact customer service for scheduled delivery details.']"
Stock Availability,Is the product available for expedited shipping?,"['Yes, the product is available for expedited shipping.', 'No, the product is not available for expedited shipping.', 'Expedited shipping is available at an additional cost.', 'Check the website for expedited shipping options.', 'Contact customer service for expedited shipping details.']"
Stock Availability,Is the product available for standard shipping?,"['Yes, the product is available for standard shipping.', 'No, the product is not available for standard shipping.', 'Standard shipping is available in select areas.', 'Check the website for standard shipping options.', 'Contact customer service for standard shipping details.']"
Stock Availability,Is the product available for weekend pickup?,"['Yes, the product is available for weekend pickup.', 'No, the product is not available for weekend pickup.', 'Weekend pickup is available at select locations.', 'Check the website for weekend pickup options.', 'Contact the store for weekend pickup details.']"
Stock Availability,Is the product available for holiday delivery?,"['Yes, the product is available for holiday delivery.', 'No, the product is not available for holiday delivery.', 'Holiday delivery is available in select areas.', 'Check the website for holiday delivery options.', 'Contact customer service for holiday delivery details.']"
Stock Availability,Is the product available for priority shipping?,"['Yes, the product is available for priority shipping.', 'No, the product is not available for priority shipping.', 'Priority shipping is available at an additional cost.', 'Check the website for priority shipping options.', 'Contact customer service for priority shipping details.']"
